{
  "apps": [
    {
      "name": "NeuBall-NodeJS",
      "script": "./index.js",
      "args": "start",
      "exec_interpreter": "node",
      "watch": [
        "src/**",
        "*"
      ],
      "ignore_watch": [
        "[\\/\\\\]\\./",
        "node_modules"
      ],
      "node_args": [
        "--harmony",
        "--expose-gc",
        "--max-old-space-size=1024"
      ],
      "log_date_format": "YYYY-MM-DD HH:mm Z",
      "error_file": "../log/error.log",
      "out_file": "../log/info.log",
      "instances": 1,
      "min_uptime": "2000s",
      "max_restarts": 10,
      "max_memory_restart": "1G",
      "merge_logs": true,
      "exec_mode": "cluster",
      "autorestart": true,
      "env": {
        "PORT": 3367,
        "NODE_ENV": "staging"
      },
      "env_staging": {
        "PORT": 3367,
        "NODE_ENV": "staging"
      },
      "env_development": {
        "PORT": 3367,
        "NODE_ENV": "development"
      },
      "env_production": {
        "PORT": 3367,
        "NODE_ENV": "production"
      }
    }
  ]
}